plot_project,alti,slope,X,Y,northness,eastness,soil_veg,soil_Rtot,soil_blocks,HG,LVM,LVU,LRF,HG_count,LVM_count,LVU_count,LRF_count,hcan,hcan_sd,hveg,nPFG,hill2,Ldensity,isForest,isGrassland,Moyenne,Médiane,Écart-type,Min,Max,Quantile 5%,Quantile 95%,Quantile 25%,Quantile 75%,Moyenne_all,Médiane_all,Écart-type_all,Min_all,Max_all,Quantile 5%_all,Quantile 95%_all,Quantile 25%_all,Quantile 75%_all
LORIAZ_48,1923,6.09147800207978,6.91025,46.03584,0.475987930130947,0.879451812420474,0.5875,0.25,0.25,0.170588235294118,0.170588235294118,0.252941176470588,0.105882352941176,29,29,43,18,24.85,17.39642040875,26.8648648648649,6,5.56197074672825,111,0,0,0.2897712579885024,0.22375873863541074,0.216193016292164,0.1194773175636783,1.0520716510905004,0.14001539474649008,0.6701035825546117,0.1825965752835259,0.28510537313832174,0.32311497539657696,0.25007692302256146,0.23730792966012268,0.0,1.2000000000000455,0.13705583351872974,0.8844999999998888,0.18223547584670996,0.34975369693654557
LORIAZ_CAMTRAP_2100,2188,24.4341340472712,6.91412,46.04327,0.981358295896955,0.192187135558614,0.925,0.025,0.025,0.174311926605505,0.192660550458716,0.252293577981651,0.0091743119266055,38,42,55,2,22.675,13.4397624677623,23.2564102564103,8,5.87005928853755,165,0,0,0.37189125637964937,0.14927971874931245,0.4813603825084057,0.0,1.6300000000001091,0.0,1.573378486014599,0.10264054818617296,0.4109596246663614,0.21630422054491646,0.1440742552181291,0.24898950701250025,0.0,1.6300000000001091,0.06858812541543102,0.6084999999999122,0.11761115935303224,0.18877669232369954
LORIAZ_CAMTRAP_1600_OUEST,1641,28.6615473128016,6.91387,46.02838,-0.277998403615656,-0.960581536147321,0.4625,0.0125,0.0125,0.0769230769230769,0.292307692307692,0.0,0.0,5,19,0,0,11.0375,15.3222298588718,13.796875,5,2.21320062860136,58,1,0,16.62090494987774,19.28072514941107,5.334251090621445,3.363476151789655,22.720000000000027,9.328804577040229,22.463500000000046,12.611251950607596,20.60192428585384,16.53685991004775,17.48872311168725,4.889961139766845,0.2699999999999818,24.91263502422953,8.518686569419504,22.76050000000002,13.734848087883506,20.00297316425798
LORIAZ_CAMTRAP_2300_OUEST,2350,17.6906540156376,6.89917,46.04487,-0.994951263726914,0.100359268671192,0.6875,0.15,0.15,0.572727272727273,0.0,0.009090909090909,0.0,63,0,1,0,6.7125,5.87247117672952,8.01492537313433,3,1.98816956950378,1,0,1,0.2942581053314598,0.11227463210707356,0.6149330571829006,0.0,2.650000000000091,0.0,1.216339116909627,0.0,0.2363858396689693,0.15370284539283147,0.10531630385094104,0.30698422562729133,0.0,2.650000000000091,0.0,0.4320000000002664,0.0,0.15998997323151798
LORIAZ_18,2329,23.2752779842308,6.90008,46.04529,-0.996087835141185,0.0883686861040014,0.6625,0.1875,0.175,0.542372881355932,0.0423728813559322,0.0084745762711864,0.0,64,5,1,0,7.7,5.62633950295675,9.33333333333333,4,2.16682228446934,6,0,1,0.1394609719707205,0.054202626655751374,0.27566086842470683,0.0,1.2399999999997817,0.0,0.3268292928937178,0.0,0.15299192052054877,0.16332207381593433,0.13525696118290398,0.21295304031042964,0.0,1.2399999999997817,0.0,0.5755820115300591,0.0,0.1942946663245948
LORIAZ_31,2012,34.1594692178793,6.90211,46.03979,0.453656613227466,-0.891176569078757,0.8,0.175,0.175,0.171717171717172,0.217171717171717,0.196969696969697,0.247474747474747,34,43,39,49,41.8,21.2652923381704,45.1891891891892,9,5.17886393659181,136,0,0,0.2380719747311673,0.23613330562022838,0.11308264216159362,0.0,0.4609259259113969,0.0,0.40912006676762763,0.19230866226831722,0.3065661102336321,0.2775595768649805,0.2599433052365612,0.14828209069375867,0.0,1.2043925232803758,0.12536148653360898,0.4613796296158284,0.20371628605471415,0.32209756139155843
ECOTONE_2400,2418,26.1948367024652,6.8976,46.04604,-0.997617646325367,0.068985735773676,0.1375,0.7875,0.575,0.541666666666667,0.0208333333333333,0.0,0.0,26,1,0,0,3.9,5.3947935519679,8.21052631578947,3,2.0608228980322,1,0,1,0.008254347824140496,0.0,0.036914565689411254,0.0,0.1650869564828099,0.0,0.008254347824140612,0.0,0.0,0.0016508695648280991,0.0,0.01650869564828099,0.0,0.1650869564828099,0.0,0.0,0.0,0.0
LORIAZ_47,1938,4.49514856614349,6.90876,46.03608,-0.869439195805863,0.494039962752462,0.8875,0.0375,0.0375,0.604651162790698,0.0,0.0,0.0,78,0,0,0,9.8125,4.51465616112286,9.8125,2,1.9160621761658,0,0,1,0.011420263632965088,0.0,0.035171505348441226,0.0,0.11791916163406313,0.0,0.11085776355567988,0.0,0.0,0.020673739286166892,0.0,0.07542247902546687,0.0,0.6481818179972834,0.0,0.1303349561815139,0.0,0.0
LORIAZ_57,1931,5.72043313097563,6.90887,46.034,0.52532198881773,0.850903524534118,0.7375,0.0875,0.0875,0.191616766467066,0.0898203592814371,0.263473053892216,0.137724550898204,32,15,44,23,20.8125,11.6228645786079,21.3461538461538,8,5.79692371648306,112,0,0,0.5839700757923196,0.26029274073084707,0.9139986820346919,0.1283147321623801,3.849999999999909,0.1361684637877943,2.472499999999867,0.21201678856562012,0.4374999999998863,0.7836107969994237,0.26638320062488674,1.4177969642267463,0.07982758621892572,6.94013688000814,0.12796575691951376,3.8589372469637278,0.1936868389464621,0.5099999999999909
LORIAZ_CAMTRAP_1919_OUEST,1926,19.3102874087455,6.91106,46.03248,0.0493077112177959,-0.998783635035368,0.95,0.0125,0.0125,0.153508771929825,0.100877192982456,0.223684210526316,0.0175438596491228,35,23,51,4,26.8,12.6445064871587,26.8,10,6.71454404546629,155,0,0,1.4981737089443867,0.3215178572805826,1.7670323182330816,0.15757575769043797,4.8599999999999,0.17421170561522104,4.7744999999999775,0.21679884961145035,3.082499999999982,1.784410404616185,0.3520240621274979,2.193820996466987,0.1273394495269713,8.259582268342228,0.1744740369573151,5.904999999999881,0.2229206718535579,3.474999999999966
LORIAZ_25,2095,14.3394944739507,6.90693,46.04189,-0.448894198978067,-0.893584913773637,0.8,0.1125,0.1125,0.333333333333333,0.0892857142857143,0.226190476190476,0.0714285714285714,56,15,38,12,16.025,11.4416239884761,16.2278481012658,8,4.75151515151515,93,0,0,0.23366906003607255,0.17371367516420833,0.1721951895462743,0.0,0.5332033196905286,0.0,0.4896712713673424,0.12398396705862069,0.34952020199602885,0.263853313648724,0.20029390394597613,0.22223035614282025,0.0,1.2899999999999636,0.0,0.6405000000001103,0.13801785276086775,0.3111956521566981
LORIAZ_23,2102,33.907606201768,6.90286,46.0415,0.343154602102728,-0.93927893570319,0.95,0.0,0.0,0.166666666666667,0.146464646464646,0.121212121212121,0.207070707070707,33,29,24,41,34.7625,15.8483667249373,35.2025316455696,10,6.94367693942614,146,0,0,0.2783798025728402,0.25928366018411,0.11329699755047161,0.11408695655609336,0.4642111112229941,0.13432859027793712,0.4613946914487087,0.17370679822158763,0.3995652945849315,0.25436819444020786,0.23718537982063026,0.10190875287897344,0.1110743798844851,0.6400000000003274,0.12724597720391556,0.43099999999985805,0.1737585445437162,0.3039469231549674
LORIAZ_24_CAMTRAP_2100_OUEST,2079,17.6225531338637,6.9051,46.04181,-0.667479130538363,0.744628504890694,0.8,0.1875,0.1625,0.61864406779661,0.0,0.0338983050847458,0.0,73,0,4,0,8.6375,5.14902903468217,9.33783783783784,3,1.98178195274694,4,0,1,0.23669912292898515,0.17511766167558562,0.25136141101466913,0.0,0.9400000000000546,0.0,0.8450000000001411,0.1386856168127224,0.2313384187268639,0.1998527939407586,0.17316172885307424,0.15518082309316406,0.0,0.9400000000000546,0.0,0.4635000000000444,0.12221717420823097,0.24347783471648654
LORIAZ_32,2063,18.2320857612998,6.90564,46.04123,-0.870483934167215,-0.492196830908904,0.6875,0.2375,0.2375,0.432,0.168,0.184,0.04,54,21,23,5,10.6625,8.73802073292997,12.5441176470588,6,3.58947852056053,50,0,0,0.33734422333654945,0.20874001951324317,0.2905046399578242,0.0,1.2730952381161842,0.11404298650829787,0.7856547619055849,0.17157345261330192,0.472334711008898,0.3022256895085957,0.21261117915037175,0.23179462014134689,0.0,1.2730952381161842,0.11979298650755936,0.7444271636541315,0.16604166675108445,0.3295986622763394
LORIAZ_33,2034,21.458923465626,6.908429,46.03948,0.998029398429784,0.0627480666625203,0.875,0.05,0.05,0.319277108433735,0.0542168674698795,0.265060240963855,0.126506024096386,53,9,44,21,17.05,12.8967663496894,17.7142857142857,8,4.59726393059726,89,0,0,0.5239111161763959,0.2400433036141294,0.9599824809679804,0.0,4.310000000000173,0.0,1.6305861388051104,0.16082491788785092,0.28394881413424855,0.9963214919566872,0.23543625160436932,1.844026415200286,0.0,8.740000000000009,0.0,5.2509999999999994,0.14886122085971465,0.6165480187145818
LORIAZ_34,2042,17.413345534048,6.91148,46.03923,-0.928307299236246,-0.371813875729118,0.875,0.0,0.0,0.337349397590361,0.0120481927710843,0.072289156626506,0.0240963855421687,56,2,12,4,10.6375,5.10954368890812,10.7721518987342,7,3.78412524031859,68,0,0,0.2011908303626228,0.18729356529036068,0.08505031475914197,0.10867041206711292,0.4888235290684406,0.11906813605600064,0.294543449258481,0.14281595097315858,0.22351105301248708,0.20405585864527892,0.18317624055282522,0.09883445673560742,0.0,0.5946558709997589,0.1086028071600822,0.4070659024111931,0.1431235937569113,0.2395899644718611
LORIAZ_28,2073,12.3515566095845,6.91764,46.04204,-0.326390786392008,-0.945234920302041,0.8625,0.0,0.0,0.0592105263157895,0.0460526315789474,0.203947368421053,0.0197368421052632,9,7,31,3,18.2875,15.8441257491449,19.3774834437086,10,6.20408163265306,119,0,0,0.1299687433629515,0.12800431012146873,0.06328829574787072,0.0,0.3376370510677589,0.03443280632827737,0.18226821607954674,0.1156815092223269,0.14661855285999081,0.1326135170321595,0.12803373015503894,0.06362514679703622,0.0,0.38000000000010914,0.0,0.22157197832659672,0.11044658042214905,0.15977540157894055
LORIAZ_29,2028,23.3977410002637,6.92021,46.04359,0.388398085731858,-0.921491685800707,0.95,0.0,0.0,0.142131979695431,0.0355329949238579,0.228426395939086,0.0,28,7,45,0,28.0125,10.948086648626,28.7307692307692,8,6.08577701113376,148,0,0,0.38341925547160827,0.3639161688194008,0.10843215997570306,0.17666666656327834,0.6319061584381416,0.26313043483021376,0.5299250665373166,0.30940027992255636,0.4661847497114877,0.3510568075703236,0.3336491228054683,0.10073997874220984,0.15825503336941438,0.6764915966418812,0.22665056865449743,0.527329758615417,0.28627157885972565,0.39122317596093126
LORIAZ_35,2058,13.9648809106093,6.91666,46.04089,-0.495742904680756,-0.868469327298718,0.9625,0.0,0.0,0.282926829268293,0.126829268292683,0.0829268292682927,0.0097560975609756,58,26,17,2,21.9125,10.4520529750095,21.9125,8,5.61906672014975,130,0,0,0.09655042138954287,0.11010021434685768,0.06968016918967768,0.0,0.2226506022011563,0.0,0.1862127240498694,0.015436893194419099,0.139328947479612,0.11074522633338801,0.12852941179698973,0.06991483402879757,0.0,0.2453355707780247,0.0,0.20953048817630132,0.06273399295810123,0.1485326590556042
LORIAZ_40,1983,17.9903134605286,6.91244,46.03722,0.989916292653876,-0.141653568745746,0.85,0.1125,0.075,0.282352941176471,0.117647058823529,0.194117647058824,0.0058823529411764,48,20,33,1,19.0625,10.0635244977322,19.5512820512821,8,5.26219956300073,89,0,0,0.23179407796800433,0.15873355942494527,0.24919265976414645,0.0,1.2100000000000364,0.07497784812799183,0.4640212956315855,0.12958450253881892,0.22815217380417607,0.2296687138512357,0.17568466891418666,0.1825197238191812,0.0,1.2100000000000364,0.10155133828052385,0.5079925853585107,0.1331832437855951,0.2482644784449235
LORIAZ_21,2027,33.0120294094959,6.9206,46.04467,-0.426355941010691,0.904555477328444,1.0,0.0,0.0,0.209821428571429,0.223214285714286,0.174107142857143,0.129464285714286,47,50,39,29,48.75,16.9724273791123,48.75,9,5.89335212591027,154,0,0,0.3644429704566846,0.3607638456838913,0.06100016875680446,0.257777777650972,0.47672955949883544,0.2722799144582382,0.45826663327742384,0.3347818854950333,0.40456978735329585,0.4492792674769566,0.38940677895845965,0.37362285489755803,0.25195094764399073,3.0497368421347346,0.2838939833241511,0.58678169761979,0.34794336200673115,0.4343703376145527
LORIAZ_46,1973,14.129503142051,6.90612,46.03582,0.0527711577051983,-0.998606631719644,0.9375,0.05,0.05,0.167487684729064,0.182266009852217,0.177339901477833,0.246305418719212,34,37,36,50,35.475,16.2776347300541,35.9240506329114,10,5.80653797379174,140,0,0,1.4186151658054427,0.34536547126344885,1.9765729424429983,0.19089285678046508,6.5491919190985755,0.19194464285220647,5.285207657888203,0.24489770158072588,1.5041325301012307,1.0817439588038587,0.3178026907204412,1.683160840020416,0.16127819549615197,7.3198715203441225,0.18534200127676287,5.22886710956119,0.228704369172533,0.7912235915545125
LORIAZ_56,1972,26.4772810423119,6.9064,46.03258,0.981686553929662,0.190503306621446,0.775,0.1625,0.1625,0.352564102564103,0.25,0.0192307692307692,0.147435897435897,55,39,3,23,27.2875,22.3245302727456,31.1857142857143,8,4.12894468951476,68,0,0,0.49898192907355676,0.3763631738958111,0.3342239151886879,0.20987124463204054,1.5700000000001637,0.2502696038263707,1.1329999999999134,0.26979588150578593,0.5699999999999363,0.4671143427394759,0.4001599327293661,0.25856873947026077,0.11807692302568285,1.5700000000001637,0.21987237569567242,0.9638090954241645,0.26979588150578593,0.5899999999999181
LORIAZ_39,1954,3.19960130025101,6.90618,46.03747,-0.947291547009157,-0.320372790612746,0.8875,0.1,0.1,0.462121212121212,0.0227272727272727,0.0833333333333333,0.0075757575757575,61,3,11,1,7.05,4.37744506721166,7.62162162162162,6,2.53329456237278,16,0,1,0.2977379300828261,0.12234272040768701,0.48530433707728593,0.0,2.0399999999999636,0.0,0.9095000000001286,0.0,0.3840358133028303,0.2566901814072662,0.12096087422673918,0.3841342122465794,0.0,2.0399999999999636,0.0,1.2140000000000326,0.0,0.3462491707400659
LORIAZ_20,2239,21.2803477106484,6.91599,46.04535,-0.409861623111023,-0.91214771276411,0.85,0.075,0.075,0.178294573643411,0.0852713178294574,0.27906976744186,0.0,23,11,36,0,6.9625,5.1224098116493,7.23376623376623,10,6.38319907940161,90,0,0,0.17945605521019842,0.1332702739900924,0.18656109082360778,0.0,0.812025316465224,0.0,0.48953634156903286,0.11364961147069153,0.16226880875910865,0.17761289798567303,0.14195924433533946,0.185701768998186,0.0,1.415752413433438,0.0,0.46062816188139094,0.11065789458928066,0.18632115272407646
LORIAZ_CAMTRAP_2300,2310,32.2800474067903,6.91251,46.04492,0.598122057885097,-0.801405018621232,0.8625,0.075,0.075,0.153409090909091,0.113636363636364,0.119318181818182,0.0113636363636364,27,20,21,2,10.5625,5.68106726913665,11.5753424657534,10,6.33456032719836,138,0,0,0.4258942592765834,0.35272754337552215,0.2640018705386313,0.0,1.0020689660632343,0.0,0.8460909871828108,0.2743873072381575,0.5785986729025581,0.5132854600503788,0.4043568025604145,0.408938378214965,0.0,1.9600000000000364,0.0,1.597875000153999,0.30585521214140954,0.5991172562911515
LORIAZ_26,2171,22.7515326033131,6.91198,46.04262,-0.717953259854438,-0.696091313452758,0.925,0.0125,0.0125,0.458333333333333,0.0119047619047619,0.172619047619048,0.0059523809523809,77,2,29,1,7.8125,3.61814607398018,7.8125,6,2.84516129032258,35,0,0,0.21488455647486263,0.10371208865240078,0.3729814736729546,0.0,1.680000000000291,0.0,0.5940673911484518,0.05710121813319802,0.20818582622621307,0.18314945419705964,0.10701897868511878,0.2757447003143643,0.0,1.680000000000291,0.0,0.6817199985210891,0.035999999999830834,0.18977518369842983
LORIAZ_72,2021,12.0527386230409,6.90713,46.03149,-0.749927827310319,-0.661519654904996,0.85,0.0375,0.0375,0.114285714285714,0.0742857142857143,0.257142857142857,0.0342857142857143,20,13,45,6,15.55,9.27894035853314,16.1558441558442,9,6.60733549083064,119,0,0,0.419965751123857,0.18609162353095599,0.689179230195208,0.12684285751697644,2.849999999999909,0.13405100357530272,1.9475000000000826,0.15697317037563607,0.2810526317391009,0.3158779497961495,0.17654839695717328,0.512085626519618,0.0,2.849999999999909,0.11941749855037642,1.0355000000000105,0.15274456522695345,0.23139719197371278
LORIAZ_70,2060,35.8329252928275,6.90296,46.03167,-0.997934824764014,0.0642346131242019,0.6625,0.0,0.0,0.21455938697318,0.168582375478927,0.0574712643678161,0.260536398467433,56,44,15,68,42.6375,16.6279037627809,42.6375,6,5.03072151244369,149,0,0,0.33802827718463957,0.28988486242678846,0.12268758603422311,0.19533333338449665,0.6148672566951063,0.20520459759884488,0.568760029508212,0.24811827968846956,0.4285989932557186,0.3338918018585491,0.30383723336467483,0.10972024056092475,0.17631163701071273,0.6982563343076436,0.20520459759884488,0.5669227332232367,0.25595847039039654,0.37572750220022044
LORIAZ_71,2038,2.05277510153552,6.90478,46.03145,-0.556890820812749,-0.830585705207176,0.5875,0.0,0.0,0.241071428571429,0.0714285714285714,0.245535714285714,0.205357142857143,54,16,55,46,22.475,11.2632200805222,22.475,8,5.23320817688778,137,0,0,0.18095976159302155,0.17577599982928405,0.05576421605702842,0.09613138699819501,0.31999999999993634,0.11099348528257451,0.2718022604994076,0.14117152172832448,0.21049024925207505,0.19310983680156368,0.18120275360934102,0.06215551535138223,0.09613138699819501,0.5299999999999727,0.12193832093377069,0.3068766573192874,0.154357923445275,0.21132390962122827
LORIAZ_45,1992,16.9702965394032,6.90274,46.03577,0.030103814886118,-0.999546777459316,0.55,0.4375,0.2875,0.35625,0.2,0.18125,0.025,57,32,29,4,14.7125,9.6156435700281,17.3088235294118,5,3.89412838454518,65,0,0,0.05893666921799649,0.0,0.0960743559372743,0.0,0.29399999985616887,0.0,0.2822060975663931,0.0,0.126711285801548,0.052402432112455696,0.0,0.09027388550768303,0.0,0.3014893617485086,0.0,0.24399704733657465,0.0,0.126711285801548
LORIAZ_55,2041,42.9015202295294,6.90297,46.0323,0.620568579535686,0.784152177892187,0.4875,0.1,0.1,0.219512195121951,0.278048780487805,0.0341463414634146,0.268292682926829,45,57,7,55,35.6875,17.1623622271292,37.5657894736842,6,4.25655829028664,121,0,0,0.33434446057788136,0.26505523194180114,0.1964390558041116,0.13009584677911334,0.7400000000000091,0.14900479233904207,0.6639999999998623,0.17833967399923267,0.4843059875636868,0.3286081799286808,0.25936242122963904,0.1850792420835193,0.11635944700765322,0.8199999999999363,0.13810548305920065,0.6599999999998658,0.1895238094408569,0.4800000000000182
LORIAZ_56_BIS,1965,14.9209652022532,6.90564,46.03312,-0.259183653566161,0.965828055983101,0.3625,0.2125,0.2125,0.322368421052632,0.144736842105263,0.210526315789474,0.0526315789473684,49,22,32,8,21.5875,15.2503942675741,24.3239436619718,8,4.59689614007163,65,0,0,2.8316206999707108,0.6299999999999955,3.93699530636788,0.16304347799996322,13.595846560966038,0.16448128767364095,9.923125417322197,0.2548022472209368,4.592972835047362,1.7421331843802887,0.42000000000007276,2.870157863602452,0.0,13.595846560966038,0.15489130409996507,8.004777510331348,0.2548205648383828,1.0499999999999545
LORIAZ_38,1973,20.7202648684426,6.90279,46.03725,-0.820583028352837,-0.571527334061361,0.5,0.3875,0.3875,0.258741258741259,0.216783216783217,0.181818181818182,0.104895104895105,37,31,26,15,19.5625,16.2339258376175,24.0769230769231,6,5.10077326016463,79,0,0,3.0703299104920463,3.6104502004607184,2.8394267384513987,0.0,8.271573187412287,0.0,6.3130786593706505,0.19106435642260067,5.5023418254116905,2.927389806750441,3.8243322117469916,2.6511551257406736,0.0,9.099999999999909,0.0,6.076999999999941,0.1774075443751144,5.096949250050557
PECLEREY_84,2236,33.4108633868409,6.9582,45.98373,0.160981981591276,0.986957345381727,0.9625,0.025,0.025,0.21875,0.15625,0.1875,0.0,56,40,48,0,16.5625,4.93718453566813,16.5625,7,5.75786329291864,151,0,0,0.09845665888519761,0.10966541217544545,0.049886135983947665,0.0,0.2028468459989199,0.0,0.14152175460296806,0.09310433408677454,0.11966102049950678,0.09517830064654845,0.09764553282730049,0.045930529937981156,0.0,0.2847795828820381,0.0,0.15564840734566587,0.07307142876857142,0.11935631104779532
PECLEREY_CAMTRAP_2200,2260,40.5596374149714,6.95627,45.98414,-0.971235125941625,-0.238122510773668,0.875,0.0375,0.0,0.257142857142857,0.166666666666667,0.295238095238095,0.0,54,35,62,0,16.525,6.61983020165428,17.1688311688312,7,4.41529835802964,113,0,0,0.25688548036757763,0.1608021111103426,0.31452788569707685,0.06751243765711479,1.2882022471526398,0.07726028849690465,0.9954101123576495,0.10685343984687279,0.21343105239054694,0.2887978788336704,0.12029412977244647,0.4652716795040176,0.0,2.3099999999999454,0.0,1.3089644612114841,0.07894880595176801,0.1939353501751384
PECLEREY_90,2143,32.6539608690513,6.95534,45.98336,-0.422956573178551,-0.906149952935526,0.975,0.0125,0.0125,0.26457399103139,0.152466367713004,0.269058295964126,0.0493273542600897,59,34,60,11,21.25,10.1038907157063,21.25,8,4.82852704146034,122,0,0,0.33356618049422193,0.20758094908092062,0.4116581422265573,0.0,1.8805617975176574,0.07217015680005262,0.8730280898760392,0.12605091526438628,0.3272255874375105,0.2838554421079016,0.18950819670612873,0.33480057033476446,0.0,2.3099999999999454,0.04439795960063294,0.5716446550283534,0.13494946046102996,0.322091347708124
PECLEREY_82,2072,33.0378471005408,6.9507,45.98566,0.916683240467866,0.399614610149996,0.7875,0.1875,0.125,0.037914691943128,0.199052132701422,0.0995260663507109,0.042654028436019,8,42,21,9,26.6625,13.7803232954304,27.7012987012987,10,7.32614777028139,192,0,0,3.4504664189508047,0.3960487805775301,4.521213660311456,0.0,14.099999999999909,0.0,10.980094608998709,0.1422106417331861,5.97594795539942,3.722024759224264,0.3960487805775301,4.538674078293196,0.0,14.350582327437678,0.0,11.385528216815668,0.13829909329786005,8.089676176017747
PECLEREY_CAMTRAP_2000,1987,28.5448406600153,6.94834,45.98725,0.375131627947884,-0.926971553885647,0.875,0.0,0.0,0.240458015267176,0.152671755725191,0.206106870229008,0.0801526717557252,63,40,54,21,25.2125,14.1758340901655,25.5316455696203,9,6.25857038657914,166,0,0,1.4625796900963792,0.17213005397593406,3.2835053146366264,0.0,10.544218362586662,0.0,9.923628266737968,0.12167356136939134,0.27468783490633086,1.5448662697745317,0.1703871603593825,3.610023512871064,0.0,14.885135787695845,0.0,10.733230031258465,0.11266946594906813,0.3007819169845902
PECLEREY_74,2100,27.3360436881436,6.95075,45.98709,-0.174043366819221,0.984737988739254,0.8625,0.0125,0.0125,0.171806167400881,0.176211453744493,0.211453744493392,0.0044052863436123,39,40,48,1,16.8625,7.0580661280803,17.5194805194805,10,6.81150033046927,175,0,0,0.6457814035191859,0.17741601790271488,1.3760172735172402,0.04655870443002641,4.960000000000036,0.07367758537870941,4.361499999999933,0.14518131472061668,0.28078986347225054,0.9441238217841328,0.17741601790271488,1.8217445723600734,0.0,7.644059609498527,0.0,5.503387964779742,0.12229295789882144,0.3879507077415383
PECLEREY_CAMTRAP_2000_NORD,2022,32.7384658701002,6.95021,45.9898,0.911027907826139,0.412344699446867,0.6,0.15,0.15,0.15,0.236363636363636,0.181818181818182,0.0909090909090909,33,52,40,20,22.95,14.0639587850954,25.5,8,6.65017862050014,169,0,0,0.18918812132573065,0.17804777777121217,0.1393268428973482,0.0,0.5099999999999909,0.0,0.4110375900709074,0.11130414804460997,0.26043433261935434,0.9116418554687994,0.17826479601592382,2.106428766377903,0.0,11.392252584937069,0.0,5.41708801959894,0.11610632935355625,0.3330462962929346
PECLEREY_CAMTRAP_2400,2383,39.8090929732602,6.95685,45.98596,0.278155183514735,-0.960536149181219,1.0,0.0,0.0,0.496688741721854,0.0,0.0,0.0,75,0,0,0,12.6625,4.99352428752746,12.8227848101266,5,2.73294977825722,27,0,1,0.19538228390779294,0.10054869030864211,0.2810188151016933,0.0,1.1150645160978456,0.06323151126255198,0.8917417107663825,0.07833882614966114,0.14969957201071793,0.19334799762856164,0.09756527158310746,0.3587503608985036,0.0,2.1700000000000728,0.0,0.8813931241303862,0.06905346045334682,0.1410064016445176
PECLEREY_66,2067,25.9752141296519,6.95066,45.98854,0.994558806905464,0.104176674965083,0.85,0.0125,0.0125,0.247933884297521,0.190082644628099,0.264462809917355,0.0,60,46,64,0,23.5875,10.1329063520414,23.8860759493671,8,5.19460706049317,153,0,0,0.17766800686833903,0.1366669505025584,0.30629626075442656,0.0,1.4200000000000728,0.0,0.30989182265354964,0.0,0.21082715812906372,0.175217084104429,0.13219796390490046,0.22785890355927765,0.0,1.4200000000000728,0.0,0.44659685259814486,0.059075696835293456,0.1962422367370209
PECLEREY_76,2450,10.6835077593663,6.95863,45.98643,0.82801420533027,0.560707121206144,0.9,0.0375,0.0375,0.626086956521739,0.0,0.0,0.0,72,0,0,0,8.975,7.35359207841285,9.83561643835617,3,1.98782504133474,0,0,1,0.0793141768707983,0.0781588942882081,0.059347413654827735,0.0,0.23441628955333726,0.0,0.16839753250535527,0.053306230881844385,0.10619249596402369,0.07465631436403328,0.0792214257651267,0.05009186849496205,0.0,0.23441628955333726,0.0,0.1535786815774372,0.058132658518161406,0.10609313825148092
PECLEREY_57,1969,12.4551000512956,6.94852,45.99085,0.470513069363657,0.8823930255606,0.9,0.0125,0.0125,0.33920704845815,0.167400881057269,0.167400881057269,0.0176211453744493,77,38,38,4,21.275,10.3324179531944,21.5443037974684,6,4.14386811419381,91,0,0,0.1123287984745616,0.11972013831211825,0.07106046595450423,0.0,0.26644934762634875,0.0,0.20598601897407892,0.09531825013596062,0.14549843902733528,0.09809686729501436,0.11115768352829036,0.0729048698522578,0.0,0.3186605073180999,0.0,0.22709757827965402,0.015765957550854637,0.13421384613513965
PECLEREY_59,2073,32.2055918369812,6.95445,45.99093,0.837930079131737,0.545777594342495,0.6,0.0,0.0,0.228682170542636,0.143410852713178,0.255813953488372,0.062015503875969,59,37,66,16,21.575,12.7961376688635,22.1282051282051,7,5.18088418430884,148,0,0,0.22958213844449346,0.20746538213688837,0.08982896131002634,0.1201711984240319,0.4804516129456715,0.1509136232697074,0.40402258064737,0.16446849770318295,0.27105486924153865,0.25780696422858457,0.20952464810466154,0.18043667258343593,0.0,1.5125454544145214,0.12008505230712671,0.5029999999999971,0.16101299980755357,0.297712728441752
PECLEREY_58,2006,21.173535912596,6.95169,45.99119,0.976656446267152,0.214807322884527,0.625,0.0,0.0,0.238434163701068,0.209964412811388,0.188612099644128,0.185053380782918,67,59,53,52,35.0875,14.8154843305701,35.0875,7,5.3645628099735,182,0,0,0.2621782428785309,0.1938225907766764,0.16700130116513728,0.0,0.599999999999909,0.10655000023174353,0.571499999999935,0.14860170264842054,0.4016085534437934,0.2782142386994178,0.2139037570882465,0.2799415617586129,0.0,2.2799999999999727,0.11213566456772242,0.5714999999999348,0.16272857144866748,0.2908833334482779
PECLEREY_67,2099,28.5448406600153,6.95498,45.99006,0.375131627947884,-0.926971553885647,0.7875,0.025,0.025,0.151960784313725,0.215686274509804,0.294117647058824,0.0196078431372549,31,44,60,4,15.75,9.07423672558187,15.9493670886076,9,5.42440041710115,144,0,0,0.14305354716875626,0.13738620297590387,0.06685175024368017,0.0,0.27936060374440785,0.030502944467798446,0.2229261338022525,0.10873370624119616,0.18568864394262619,0.1845596412465602,0.13914179687049,0.27439787252265346,0.0,1.881198157009294,0.0,0.43717586208620074,0.10996987943258318,0.17468898782829
PECLEREY_CAMTRAP_2200_NORD,2186,29.2938211910766,6.95719,45.9897,-0.850410617625663,0.52611955051066,0.525,0.1125,0.1125,0.188284518828452,0.163179916317992,0.217573221757322,0.154811715481172,45,39,52,37,16.5,9.26952267557027,17.1428571428571,9,5.91988807130273,146,0,0,0.41366316418152566,0.2367680849486078,0.5324021882669693,0.17149068322441963,2.1100000000001273,0.18691116793374932,1.7869999999999893,0.1934725587656203,0.2567969433715689,0.34062013502937133,0.2470638525060167,0.37976560668910386,0.0,2.1100000000001273,0.11197135417748998,1.0080169082058075,0.2003880989316258,0.2909615385632378
PLANAIG_119,2159,27.3071670868446,6.89682,45.91164,0.881009779297146,0.473098054088996,0.85,0.025,0.0,0.313084112149533,0.14018691588785,0.172897196261682,0.107476635514019,67,30,37,23,17.85,12.3453470966477,18.5454545454545,7,4.95520450119022,99,0,0,0.329700099764068,0.3141983707394047,0.17518571032026045,0.0,0.7235877105217696,0.10683580840268406,0.6168865676934957,0.23755427837647858,0.40050175661428966,0.39517168716781725,0.2655198094066691,0.4270773154279369,0.0,2.2100000000000364,0.11165723697347403,1.7225000000002408,0.16631636619888468,0.4151317336552438
PLANAIG_120,2208,30.1901450354953,6.8992,45.91202,0.989812491836543,0.142377073310043,0.3125,0.3,0.1875,0.278260869565217,0.0782608695652174,0.234782608695652,0.243478260869565,32,9,27,28,10.6375,10.41328721552,13.296875,9,4.76233345336694,65,0,0,0.0,0.0,0.0,0.0,0.0,0.0,0.0,0.0,0.0,0.0,0.0,0.0,0.0,0.0,0.0,0.0,0.0,0.0
PLANAIG_116,2196,33.5739634537755,6.89995,45.9134,-0.999017297170273,-0.0443220030526835,0.275,0.3625,0.2875,0.210084033613445,0.0588235294117647,0.142857142857143,0.34453781512605,25,7,17,41,16.5625,13.1667434436687,20.703125,7,4.63535188216039,65,0,0,0.2808410620499444,0.1635147548236091,0.6077508281901938,0.0,2.8200000000001637,0.0,0.5482177914428592,0.07503433614908772,0.22328964861424083,0.23814643534752578,0.13251224186274158,0.465497095030002,0.0,2.8200000000001637,0.0,1.134633752554236,0.0,0.22305203612211244
PLANAIG_117,2205,31.0670495643739,6.90203,45.91471,0.0542267530955896,-0.998528647184802,0.2,0.4125,0.325,0.225490196078431,0.0294117647058824,0.0784313725490196,0.284313725490196,23,3,8,29,9.875,11.2704104583078,13.859649122807,6,4.71195652173913,40,0,0,0.3781381594464165,0.0,0.8648564779628529,0.0,2.878899999897385,0.0,2.8324449999948,0.0,0.17829065400485433,0.47204477149913143,0.0,0.9830672022620031,0.0,4.559999999999945,0.0,2.924075223602949,0.0,0.25671625387690256
PLANAIG_113,2162,17.9819980564757,6.90213,45.9158,-0.681290309057334,-0.73201332964951,0.95,0.025,0.025,0.475308641975309,0.0,0.0679012345679012,0.0123456790123457,77,0,11,2,9.1875,4.41829840091111,9.1875,5,2.42461197339246,13,0,1,0.4281581108692535,0.2135303514055522,0.4460167893538975,0.0,1.25,0.0,1.2024999999998272,0.09954291046074104,0.8274999999999864,0.4157134401945427,0.23822925671584017,0.49439027672650243,0.0,2.617614213230354,0.0,1.2505000000000108,0.0,0.7398857620444232
PLANAIG_112,2114,26.4516592628495,6.90085,45.91607,0.50557175139619,0.86278456418169,0.925,0.025,0.025,0.235294117647059,0.222689075630252,0.147058823529412,0.214285714285714,56,53,35,51,47.775,17.150838633221,47.775,8,5.14104193138501,144,0,0,0.48999285962443084,0.4464757095083769,0.4378366328742299,0.0,1.4800000000000182,0.0,1.112127893504385,0.14194107768480535,0.7817877906601325,0.48010826196879863,0.33274707799910175,0.5956536262256261,0.0,3.6399999999998727,0.0,1.4830000000000152,0.11193604667585078,0.5737442348045079
PLANAIG_109,2094,30.0064596239301,6.90313,45.91828,-0.896960236046873,-0.442111224637803,0.7125,0.15,0.15,0.230769230769231,0.18974358974359,0.133333333333333,0.230769230769231,45,37,26,45,32.225,21.9464105654857,36.3098591549296,8,5.22536759653703,115,0,0,0.43757545324058356,0.17837237541357354,0.7041619612065548,0.0,2.980000000000018,0.0,1.3934999999999502,0.0,0.46145390124775076,0.5975140382076597,0.27637321523343417,1.099630759980883,0.0,6.765251619354785,0.0,2.981000000000017,0.12268834997871636,0.5231361607488907
BLAITIERE_CAMTRAP_2046,2053,26.2970798375923,6.90399,45.92071,-0.936837257228984,0.349765569299887,0.575,0.0125,0.0125,0.203846153846154,0.226923076923077,0.169230769230769,0.230769230769231,53,59,44,60,37.95,15.5936533665609,37.95,5,4.91207673303299,163,0,0,0.9858162272298386,0.2694829024081855,2.220571067706222,0.12446900529107552,7.501312741233505,0.1296509311889622,7.4479513513018105,0.197518857490536,0.33468066423199616,0.6112211569080864,0.24664137933154962,1.543097486368899,0.09737556531717928,9.00204907196894,0.1308598196404887,1.163409090921335,0.18149545415633384,0.3157762587455295
PLANAIG_105,1979,31.3968764429803,6.9026,45.92206,-0.967021305296719,-0.25469549486049,0.7375,0.0625,0.0625,0.245762711864407,0.296610169491525,0.275423728813559,0.0550847457627119,58,70,65,13,27.825,11.1851789367941,28.1772151898734,6,4.20791779993956,155,0,0,0.25108919003660046,0.21004278126213194,0.1253315013255698,0.1263005780670028,0.7034882003190432,0.1445004455346634,0.3585538679693971,0.18140242513425164,0.2932812499527131,0.3888701912869374,0.23887159434616478,0.5417738193238932,0.11342342357329471,3.913568075125795,0.1281295392975835,1.1393203736983981,0.1796700241537792,0.335003765135923
BLAITIERE_CAMTRAP_1900,1899,17.6054759474673,6.90053,45.92379,-0.0904627369843692,-0.995899840956558,0.875,0.0,0.0,0.223529411764706,0.364705882352941,0.0,0.211764705882353,38,62,0,36,36.1125,26.2060934792471,38.0131578947368,5,3.98071625344353,98,0,0,5.188305522573546,0.46783992266261976,6.916699708859692,0.11906295755602514,17.574242950159487,0.1425828086295155,17.345159086383955,0.2990844160288475,9.39511777938327,7.347248785747174,3.930082169582761,7.652795639771269,0.0,21.730000000000018,0.13844421941646487,19.590066554344958,0.3053678794836969,14.692025488819581
PLANAIG_127,2185,19.3229239856666,6.89122,45.90646,0.425676673303536,0.904875333847285,0.35,0.375,0.3375,0.353383458646617,0.0225563909774436,0.0150375939849624,0.0827067669172932,47,3,2,11,20.525,22.4437270985892,29.8545454545455,7,3.85465242972325,22,0,1,0.11265141458061408,0.0,0.25890107724027317,0.0,0.8820397725758085,0.0,0.6993688984229722,0.0,0.0,0.1387005144072964,0.0,0.2788117445292525,0.0,1.2999999999997272,0.0,0.758010558411638,0.0,0.141373854495896
PLANAIG_132,2226,29.7762387430446,6.89194,45.90585,0.992319801279533,-0.123698876262268,0.275,0.6125,0.575,0.41025641025641,0.0256410256410256,0.0641025641025641,0.205128205128205,32,2,5,16,8.625,11.0641112142831,13.8,7,4.02913907284768,23,0,1,0.0,0.0,0.0,0.0,0.0,0.0,0.0,0.0,0.0,0.0,0.0,0.0,0.0,0.0,0.0,0.0,0.0,0.0
PLANAIG_121,2028,23.5902080333063,6.8871,45.90838,-0.701568552347421,-0.71260196909435,0.7875,0.0,0.0,0.186721991701245,0.24896265560166,0.170124481327801,0.232365145228216,45,60,41,56,39.0375,21.4254336913109,39.0375,9,5.15771245892905,163,0,0,5.949077754297411,7.231418300830683,4.990419121774914,0.21872276455087558,13.509999999999991,0.2301762544375947,12.85449999999994,0.32658828777971394,10.085079915552626,4.955172265417562,2.480162974718496,4.941962774383244,0.16871111110776837,13.7800000000002,0.22327934277183203,13.018499999999767,0.3011016408882483,9.227499999999907
PLANAIG_126,2139,24.1411143594857,6.88851,45.90663,-0.999185803048868,0.0403451482286051,0.65,0.1625,0.1625,0.180094786729858,0.184834123222749,0.208530805687204,0.165876777251185,38,39,44,35,16.975,11.0579314567086,18.6027397260274,8,6.24680791356812,132,0,0,0.2898700634078978,0.21983427520126497,0.2918397379557135,0.0,1.197647352745662,0.0,0.9799674742960862,0.1500298658019119,0.3195854837750858,0.36904595304699794,0.22220494668795254,0.5714882714379472,0.0,3.820278637676438,0.0,1.1333823676373866,0.15370651383000222,0.34080403987559293
PLANAIG_128,2254,27.266044450733,6.89256,45.90645,0.27432882533596,0.961635947534093,0.1625,0.7,0.525,0.204081632653061,0.0,0.142857142857143,0.224489795918367,10,0,7,11,4.625,12.16799599697,11.9354838709677,8,5.49427917620137,18,0,1,0.0,0.0,0.0,0.0,0.0,0.0,0.0,0.0,0.0,0.0,0.0,0.0,0.0,0.0,0.0,0.0,0.0,0.0
PLANAIG_130,2245,17.901362339681,6.88306,45.90416,-0.997518271688757,0.0704080794161843,0.8125,0.075,0.0125,0.37696335078534,0.0366492146596859,0.246073298429319,0.0104712041884817,72,7,47,2,10.5,4.30483978443104,10.9090909090909,6,3.23098042688867,57,0,0,0.1925258021391528,0.17557166304459315,0.08701628322014722,0.0,0.4245959595682507,0.10254851402150962,0.34932855174106414,0.16023635634371658,0.22684976300354265,0.2333233358835787,0.1813413045354082,0.221717294028377,0.0,1.2695016609704908,0.08621606682152105,0.740038960891456,0.1530701754633128,0.22666082078865202
PLANAIG_CAMTRAP_FOU_2300,2304,28.5561254834658,6.89915,45.90846,0.996944183644277,0.0781171856754107,0.775,0.1,0.1,0.510791366906475,0.0,0.079136690647482,0.0071942446043165,71,0,11,1,4.725,3.02301299946539,5.25,4,2.32811182070129,12,0,1,0.04249999999999545,0.0,0.19006577808746175,0.0,0.849999999999909,0.0,0.042499999999996055,0.0,0.0,0.011591162265967797,0.0,0.09015235909997164,0.0,0.849999999999909,0.0,0.0,0.0,0.0
PLANAIG_CAMTRAP_FOU_2200,2216,32.5435621473901,6.89637,45.90895,0.356706839691465,-0.934216372430567,0.75,0.0625,0.0625,0.199029126213592,0.150485436893204,0.325242718446602,0.0194174757281553,41,31,67,4,14.05,13.74164878726,14.4102564102564,10,5.21454902924552,127,0,0,0.3447941429445109,0.2888865449574496,0.23000729566938916,0.11661596957446818,1.098837209235171,0.14929482062750593,0.7389418604615687,0.2030256640080097,0.37976595051816275,0.5825765760935565,0.2994750238881352,0.7102949010773385,0.0,4.1181599998813,0.12846599644210527,1.9272499995923453,0.20084017485123695,0.6375851680184041
PLANAIG_122,2155,37.935253632039,6.89316,45.90863,-0.193909619709326,-0.981019398067227,0.625,0.1125,0.1,0.256637168141593,0.185840707964602,0.141592920353982,0.212389380530973,58,42,32,48,33.425,17.1890272624092,34.7272727272727,7,5.39915433403806,124,0,0,0.4932786096767131,0.2432251651266597,0.6042083906329836,0.1255932199842391,2.7860869566270594,0.13512341111877504,1.1843043478312678,0.21704016706928542,0.5772395833209885,0.7525569377270722,0.3184041293975497,1.2328363524054549,0.1076063825453275,6.135494505856059,0.13512341111877504,3.6630000000001,0.21551457955115438,0.5688027181828375
PLANAIG_131,2196,16.6321551453589,6.88704,45.9052,-0.651778456635316,-0.75840941678363,0.8375,0.05,0.05,0.244897959183673,0.178571428571429,0.290816326530612,0.0510204081632653,48,35,57,10,16.4,8.85552105550865,16.8205128205128,9,4.68259385665529,111,0,0,0.2521332574326607,0.19401299926312277,0.2562615231720849,0.0,1.0,0.0,0.8740858086330492,0.11998238436660813,0.2838642182634885,0.4603429926618719,0.21398692013713116,0.6671153980701499,0.0,3.5,0.0,1.559999999999967,0.13703268078563724,0.4067950122258708
PLANAIG_125,2186,28.4130853757916,6.88407,45.90634,-0.752412408880981,0.658692315851582,0.6625,0.15,0.15,0.132978723404255,0.25,0.345744680851064,0.0265957446808511,25,47,65,5,13.9875,7.35276362406629,14.5324675324675,9,4.63224115334207,136,0,0,0.36169778444646,0.32577602978676623,0.22729407554019349,0.1245031055959771,1.0700000000001637,0.13473524173746226,0.6567728648798496,0.16590365394483797,0.43865866091346106,0.32764099840328526,0.2248554671164129,0.3002171095383859,0.0,1.5900000000001455,0.0,0.9481508514970297,0.14153191620437156,0.41740538576289055
PLANAIG_135,2289,19.2799151386016,6.89089,45.90227,-0.455785801924053,0.890089491435804,0.7375,0.125,0.0875,0.488888888888889,0.0,0.037037037037037,0.0,66,0,5,0,15.175,12.9015502944414,16.8611111111111,5,2.37955346650999,5,0,1,0.046045989939352695,0.0,0.1051364427616399,0.0,0.3854955753881768,0.0,0.2575890643941876,0.0,0.0,0.051824002780963385,0.0,0.20532551279823277,0.0,1.4112418301019716,0.0,0.28681496166730064,0.0,0.0
PLANAIG_CAMTRAP_REFUGE,2197,20.5560452195836,6.88435,45.9058,0.675455420161329,-0.737400824094117,0.85,0.0375,0.0375,0.289855072463768,0.0966183574879227,0.241545893719807,0.0144927536231884,60,20,50,3,10.2625,6.6346687267658,10.525641025641,7,4.3550157536335,86,0,0,0.21952616000212402,0.1893142107796848,0.11836907233649542,0.0,0.6004911178674774,0.11909756066056616,0.4208695630613194,0.1704084566036954,0.24251432035032394,0.19838759852806562,0.17151049197605062,0.1395030532453118,0.0,1.0099999997928535,0.0,0.4425876151745342,0.13482653052028581,0.2260855826804118
PLANAIG_139,2319,17.1803941944162,6.89101,45.90076,0.933796366234844,-0.357804899919775,0.4,0.1125,0.1125,0.449664429530201,0.0,0.0,0.0,67,0,0,0,4.1,3.25537530162505,4.49315068493151,3,2.51740560154212,0,0,1,0.0,0.0,0.0,0.0,0.0,0.0,0.0,0.0,0.0,0.0,0.0,0.0,0.0,0.0,0.0,0.0,0.0,0.0
PLANAIG_134,2293,23.2928307059294,6.88847,45.90202,0.0582011932708624,-0.998304873824548,0.4625,0.2,0.05,0.311111111111111,0.0074074074074074,0.192592592592593,0.0074074074074074,42,1,26,1,3.3875,2.91001652959767,4.44262295081967,7,3.99408284023669,28,0,0,0.24297325697500582,0.20348364961569132,0.2443382070120658,0.0,0.8699999999998909,0.0,0.8605000000001155,0.12127096016570249,0.265469274349698,0.12515916203684355,0.09700458609950147,0.16489805739416652,0.0,0.8699999999998909,0.0,0.35845598577491267,0.0,0.1857381909973128
PLANAIG_140,2310,30.4147145070142,6.8877,45.89822,-0.989118604921214,0.147120309266637,0.5875,0.1875,0.1875,0.573770491803279,0.0081967213114754,0.0081967213114754,0.0,70,1,1,0,8.3625,5.72634097942641,9.29166666666667,4,2.01080788975952,2,0,1,0.015361696849117834,0.0,0.04827271405722876,0.0,0.18360139871265346,0.0,0.12663098129185077,0.0,0.0,0.006948368657431274,0.0,0.035239559497004046,0.0,0.23655844147469907,0.0,0.0,0.0,0.0
PLANAIG_138,2256,14.7631326236313,6.88609,45.89914,0.149444878086333,-0.988770058412855,0.5125,0.3625,0.3625,0.381818181818182,0.0727272727272727,0.263636363636364,0.0454545454545455,42,8,29,5,10.6375,10.5473540385819,14.1833333333333,5,3.59050445103858,42,0,0,0.05592364525307403,0.0,0.16349634900474533,0.0,0.7190960898747107,0.0,0.1724611682656136,0.0,0.0,0.04170050906313463,0.0,0.14116044023148405,0.0,0.7190960898747107,0.0,0.1835072672683509,0.0,0.0
PLANAIG_136,2148,30.2627974259267,6.88229,45.90075,0.999287534334484,0.0377415384385394,0.8625,0.0375,0.0375,0.132075471698113,0.235849056603774,0.320754716981132,0.127358490566038,28,50,68,27,29.4375,11.2518282621317,29.4375,9,4.88415561834384,172,0,0,1.092915900249568,0.350604892196543,1.6215349855353578,0.15896052643574876,5.9099999999998545,0.1664639892596142,4.398140915572913,0.27013307889717453,0.9025000000001455,1.1642463362519766,0.33115503897874987,1.840188332919563,0.11331975545863315,8.269999999999982,0.1614002558960692,5.5310000000001995,0.25476682424471164,0.6780641025688965
PLANAIG_CAMTRAP_2200,2186,35.4619992168493,6.88302,45.90039,0.998070866728533,0.062084981982398,0.8625,0.0,0.0,0.159663865546218,0.19327731092437,0.302521008403361,0.0504201680672269,38,46,72,12,22.5,7.40509574806259,22.5,8,5.50690258603928,178,0,0,0.12038682864833845,0.06783439486935094,0.1548473690773026,0.0,0.551999999371219,0.0,0.3980999999684401,0.0,0.18650247561561173,0.09282919079984822,0.0,0.12350136626468984,0.0,0.551999999371219,0.0,0.309866412035785,0.0,0.17496222098088765
PLANAIG_137,2227,29.3099958750926,6.88416,45.90026,0.668793380174642,-0.743448326808647,0.875,0.0625,0.0625,0.183168316831683,0.143564356435644,0.306930693069307,0.0891089108910891,37,29,62,18,22.975,14.4204276697057,23.2658227848101,7,5.45216461785142,150,0,0,0.19274677711246113,0.20514413349133065,0.09010603910302131,0.0,0.37956026016399846,0.0,0.3027639413998941,0.1395059048566054,0.23706808745953367,0.17111856364076175,0.17248642241997914,0.11499625422598272,0.0,0.4899999999997817,0.0,0.38048899318414436,0.11840322395369185,0.23263911645051394
PLANAIG_133,2268,15.2410267399854,6.88455,45.90294,-0.826541233925875,-0.562876175211114,0.9,0.05,0.05,0.536764705882353,0.0147058823529412,0.0514705882352941,0.0,73,2,7,0,7.925,4.30123620734695,8.45333333333333,4,2.22897083634611,9,0,1,0.1296084851108617,0.11675809183270758,0.11529676417099866,0.0,0.4800000000000182,0.0,0.2920981596469802,0.057998198615905494,0.16106433141533216,0.1453398464924203,0.12610267123250196,0.0989327540097385,0.0,0.5113355592225162,0.0,0.32747526947271116,0.10718606682098653,0.16918676462046278
PECLEREY_51,1927,23.6741613654497,6.95211,45.99337,0.822763945463275,-0.568383224634317,0.525,0.0125,0.0125,0.285714285714286,0.203463203463203,0.186147186147186,0.121212121212121,66,47,43,28,36.9875,16.0351621148847,36.9875,6,4.78874629812438,118,0,0,0.23650805396359828,0.19761168083596203,0.1703654667835363,0.06257097794696165,0.8597727272672273,0.06669326681615076,0.4039295772971062,0.16111711466942324,0.24480528398709112,0.24261235854763527,0.19732833506316183,0.1719109916133756,0.0,0.8899999999998727,0.06210505039487089,0.5237330187908121,0.15182529917080956,0.2865906457344636
PECLEREY_50,1922,19.078375781087,6.94955,45.99281,0.391844934527669,0.920031275166778,0.575,0.025,0.025,0.236220472440945,0.208661417322835,0.145669291338583,0.18503937007874,60,53,37,47,38.4,14.1712849260643,39.3846153846154,9,5.57518147251988,155,0,0,0.31053748000890663,0.24428011078850886,0.2539632506157409,0.0,1.2300000000000182,0.10505988581356861,0.5662954544923996,0.21050085563530274,0.3758398269906138,0.28342171792796306,0.24173097198467985,0.19154651741546053,0.0,1.285065913369408,0.1176582370141432,0.5368149466161637,0.17590895476172363,0.32789171047090804
PECLEREY_52,2023,39.1435570497829,6.95462,45.99267,-0.0779428194701821,-0.996957831050561,0.5,0.0125,0.0125,0.107142857142857,0.205357142857143,0.111607142857143,0.09375,24,46,25,21,18.65,13.6141214846008,19.6315789473684,10,7.61858487701184,158,0,0,1.1817301974667545,0.2955992407623853,2.0389691469520455,0.11000000002445631,8.580994681703714,0.17257014383037586,4.0200497340851635,0.2166582717289316,0.9300000000000637,1.2842576526169591,0.25549905232139736,2.3981164120245753,0.08326087003138127,10.029999999999973,0.14098300878646342,8.385585878508504,0.18518328331509792,0.9059482759941488
PECLEREY_CAMTRAP_1900_NORD,1903,21.9825689292355,6.94562,45.99075,0.136958156481163,-0.990576833654655,0.95,0.05,0.05,0.342995169082126,0.231884057971014,0.0434782608695652,0.202898550724638,71,48,9,42,61.8125,22.0758724758416,61.8125,6,4.2445765230312,107,0,0,6.4204259874699,7.141445497623408,4.933504538161592,0.1268307323184672,14.520625889088024,0.15935326918605597,13.120335441859597,1.8274350377332667,10.901399868726344,4.797778785602104,4.3979460269591755,4.855299334386789,0.0,15.275744680987373,0.12148669033393844,13.086195694363811,0.1923316716152499,8.004930769180135
PECLEREY_53,2035,23.3220421234605,6.95741,45.99313,-0.87489608996564,-0.484310676903613,0.55,0.275,0.225,0.392405063291139,0.0949367088607595,0.0569620253164557,0.158227848101266,62,15,9,25,25.1,21.246950637501,31.8730158730159,5,3.57445589919817,49,0,0,0.4411960248714649,0.39907951111240436,0.2136503523489567,0.1614471965735902,0.8399999999999181,0.1726183416295953,0.8299907410873629,0.3025762139092194,0.5500350283512034,0.4511867737454395,0.4204234426954372,0.24191554494957174,0.0,1.25,0.17265709290813902,0.9520000000000322,0.28907419334296947,0.5505431799133476
PLANAIG_CAMTRAP_2100,2149,27.4102816940953,6.8803,45.90399,-0.681794515053863,0.731543737067352,0.75,0.1,0.1,0.184615384615385,0.153846153846154,0.333333333333333,0.0102564102564103,36,30,65,2,20.425,18.7716288753244,21.7866666666667,10,5.2311184482047,139,0,0,0.4901244660012935,0.22829324006329443,0.4958325882575559,0.133419811330441,1.844273859153418,0.1388659057675568,1.4867328419405115,0.18350794539082926,0.6912745917916254,0.563193610064941,0.33214243687780254,0.5288228671169739,0.13089673920057976,2.5088028172826853,0.13900807618153976,1.764824259177726,0.1992739568009938,0.6762820241395957
PECLEREY_CAMTRAP_1800,1780,33.0507407426369,6.944,45.98667,-0.167179943478997,-0.985926400142708,0.9375,0.0,0.0,0.145161290322581,0.360215053763441,0.0,0.0161290322580645,27,67,0,3,29.0,13.4173513204245,31.3513513513514,7,4.1591728780957,147,1,0,17.1753020012324,18.328209308260057,5.560303705094934,3.8324827586361607,25.6099999999999,6.9072335123343125,23.21599999999992,15.865145348869817,20.64681705808539,16.501286751913323,17.861363037650563,5.9536765905673645,0.13811298800692384,25.929999999999836,3.3651513610008243,23.584504776916173,14.293396374446843,20.64681705808539
PECLEREY_CAMTRAP_1600_NORD,1630,31.110603317905,6.94044,45.99055,-0.993883567177199,-0.110433033532214,0.95,0.0375,0.0375,0.283687943262411,0.24113475177305,0.0,0.205673758865248,40,34,0,29,31.2375,23.723749650263,33.7702702702703,5,4.43673287212676,63,1,0,20.65039684231374,20.51648223220309,5.754819913855337,0.6927772923893372,30.21131863380606,16.040416395227297,28.112642489686404,19.59353447905397,23.14040187350264,20.7088664461636,21.05063369539198,4.983179865252599,0.6927772923893372,30.21131863380606,12.006510537062274,27.421551936518483,19.128698795146363,23.541950274529597
PECLEREY_CAMTRAP_1600,1617,23.553818131341,6.94039,45.98588,-0.282448680836062,0.959282410291135,0.8125,0.0125,0.0125,0.373983739837398,0.333333333333333,0.0,0.024390243902439,46,41,0,3,13.7,10.856252937736,17.3968253968254,6,3.28676949815338,46,1,0,17.82405967645294,19.241771962548682,7.511226665383205,0.6899266340010399,25.660000000000082,5.749883655815336,25.40237381825616,11.75986787795506,23.800283455571787,18.165280292610692,20.095949356352662,7.9744401964112965,0.24193864994572323,29.348080000057735,1.8109867281973038,28.193461346632148,12.699836723519411,24.420976374140935
BLAITIERE_CAMTRAP_2230,2239,25.1979137403713,6.90667,45.91763,-0.722085842124932,-0.691803466746682,0.825,0.1625,0.1625,0.504132231404959,0.0,0.0330578512396694,0.0,61,0,4,0,7.45,6.54468573671838,9.03030303030303,3,2.13021970027644,4,0,1,0.4192858317521086,0.2169200537684901,0.42026757498206124,0.0,1.5099999999997635,0.07902952686754361,1.196499999999833,0.15247073273224032,0.5373945782913552,0.3342163288947131,0.18019230768413763,0.41697126333423373,0.0,2.0299999999997453,0.0,1.3085000000001623,0.11638738627982548,0.3083344549168032
PLANAIG_104,2064,42.5175213798609,6.90465,45.92518,0.194183203938808,0.980965281397899,0.8375,0.0,0.0,0.102439024390244,0.263414634146341,0.234146341463415,0.0926829268292683,21,54,48,19,28.875,17.3207821321927,29.6153846153846,12,5.89328284953022,167,0,0,4.585919996588132,3.535436623144733,4.167932408333231,0.11047872322660623,11.265994613533621,0.13002738053830853,10.439693215930744,0.5311427765066128,9.37397839383732,4.896659368133469,4.272835086764189,3.950134452177535,0.0,12.179999999999836,0.16310796225786817,11.187288249638437,0.6299314869725094,8.345769372688437
PLANAIG_118,2056,26.2046017632175,6.89401,45.91112,-0.988689288588978,0.149978300528511,0.75,0.0125,0.0125,0.25,0.282407407407407,0.157407407407407,0.217592592592593,54,61,34,47,36.3125,17.2828983665752,36.7721518987342,7,4.51742835011619,143,0,0,1.332471303931925,0.32701813722439965,2.9029089100429277,0.1480462568299572,10.634998179879403,0.19009525721838827,8.952775332586544,0.22953589576604827,0.6314188753202643,1.3723930989374207,0.361797149745712,3.006551753690581,0.12997043606833358,14.470000000000255,0.15525344664671364,10.635417346033739,0.26187445967872236,0.7141950327438167
PLANAIG_119_BIS,2091,37.2664285095762,6.89548,45.91151,0.904153982937226,-0.427206712422394,0.65,0.125,0.125,0.254545454545455,0.218181818181818,0.259090909090909,0.0681818181818182,56,48,57,15,25.375,14.8693678838686,26.025641025641,5,4.46082949308756,120,0,0,0.32804060644798483,0.253601158330639,0.2982536231178577,0.0,1.1648032028242596,0.0,0.8980755046708057,0.1443810668832839,0.42990808830040805,0.3738493007717898,0.2919250179199935,0.4370054973208309,0.0,2.9200000000000728,0.0,0.958349349145419,0.16245017942492268,0.440057958828902
PLANAIG_115,2106,27.3193318391715,6.89715,45.9136,-0.608806053290465,0.793319096881505,0.8625,0.0,0.0,0.300970873786408,0.169902912621359,0.189320388349515,0.140776699029126,62,35,39,29,32.55,16.3783586757462,32.55,5,4.65715539947322,103,0,0,0.47948450639678414,0.3753234361267914,0.31179972122286237,0.14313432840390306,1.2300000000000182,0.16195446922440623,1.17300000000007,0.29159469682588224,0.4879469231791518,0.40484316428036893,0.32930132705314463,0.2670150061738796,0.12000000064608685,1.8832151300380247,0.15869043888858414,0.9117536872860682,0.24991979627350247,0.4756231705831624
PARA_CAMTRAP_2410,2391,22.7353867515114,6.87449,45.88821,-0.726346660344682,-0.68732854517045,0.3375,0.25,0.1875,0.457943925233645,0.0,0.0,0.0,49,0,0,0,4.7,5.22263816160842,5.61194029850746,3,2.18701050620821,0,0,1,0.08627132008921308,0.0,0.13718411405338238,0.0,0.3569069069822035,0.0,0.3190350011335568,0.0,0.23587835415094105,0.13539867335777672,0.0,0.16891595509237275,0.0,0.9699999999997999,0.0,0.360479666100241,0.0,0.27380361204916426
PARA_CAMTRAP_2270,2303,16.6657413099798,6.87378,45.88995,0.0491143080098407,-0.99879316414797,0.675,0.0625,0.0625,0.348258706467662,0.119402985074627,0.17910447761194,0.0746268656716418,70,24,36,15,11.275,9.11248274468335,12.0266666666667,5,3.98707194315602,75,0,0,0.04987417710617592,0.0,0.11588808546282917,0.0,0.4464179102537855,0.0,0.2413344090935199,0.0,0.0,0.07199084334117742,0.0,0.14303444310349836,0.0,0.7200000000002547,0.0,0.38908075106464823,0.0,0.017499999793471943
PARA_CAMTRAP_2100,2114,36.4030951036305,6.8703,45.89171,0.422940688808806,-0.906157366989825,0.8125,0.0,0.0,0.261467889908257,0.160550458715596,0.192660550458716,0.155963302752294,57,35,42,34,38.5625,21.3178737332392,38.5625,8,5.16789908655937,119,0,0,2.2359128091049114,0.6800000000000637,2.924566231455807,0.20204081625661274,9.250531309432063,0.2245447492324047,8.737026565471638,0.3672736676990098,3.51179673296906,2.4853459479522915,0.9487241379872557,2.7761562134775986,0.1749387754593954,10.421159101193552,0.22613163211933623,8.403868579167897,0.3470838953127213,4.227816625195828
PARA_CAMTRAP_1900,1952,37.7684657510954,6.86946,45.89395,-0.959965431083884,0.280118494790923,0.6125,0.0125,0.0125,0.241706161137441,0.260663507109005,0.175355450236967,0.184834123222749,51,55,37,39,38.9625,24.4459847599984,39.9615384615385,9,4.93635658055217,135,0,0,3.756793016477161,0.6924686756821075,4.413332588565088,0.34658145056118883,11.962585268806379,0.3672357184458178,10.782129263440346,0.4675847344339559,7.433050985999216,2.2839234299737883,0.5937989164447117,3.0669902636445103,0.20015966369419402,11.962585268806379,0.31001951171276687,10.342166040041445,0.4447382777479447,3.256528838534564
PARA_CAMTRAP_1600,1692,31.9893526280316,6.8658,45.89628,0.933813085373526,0.357761263393867,0.95,0.0125,0.0125,0.0,0.0,0.0,0.0,0,0,0,0,10.5125,18.4857069315592,31.1481481481481,2,1.15294117647059,0,1,1,6.511251841356182,2.3721266254500506,8.02964761080668,0.39415512472760383,25.960000000000036,0.3961172051388985,21.152999999999874,0.5066707477705563,10.901837373138335,7.248187936496347,4.985813461803673,7.165450344040315,0.15063380279821104,25.960000000000036,0.27529815391233114,20.814499999999942,0.7748633134065699,11.874158112159364
PARA_CAMTRAP_1400,1473,36.5492459328362,6.86257,45.89754,-0.467476614333908,0.884005438360481,0.9625,0.0,0.0,0.0,0.0,0.0,0.0,0,0,0,0,1.85,4.78420396669464,7.4,2,1.20821917808219,0,1,1,23.993529538001816,22.814929018780617,6.652778917996526,13.700718336598129,34.99288706745074,16.415487003554222,34.86664435337244,19.020000000000095,29.631637179374422,24.404604598547085,23.74856413205339,5.668760955916994,12.920184501778294,34.996497695831295,16.525217604589205,34.83149999999993,20.364709353093076,27.809430427618906
LORIAZ_CAMTRAP_1700,1759,34.0051704112275,6.92046,46.03501,0.387217645247037,0.921988337892264,0.9375,0.0,0.0,0.366197183098592,0.422535211267606,0.0,0.0,26,30,0,0,9.7875,12.02602004937,16.6595744680851,5,3.00955223880597,37,1,0,15.416899904104298,19.71272331286991,9.934960894388476,0.24880733948225497,29.954563539433366,0.9643130452018795,27.79017147394967,6.788024575842883,22.212492281526806,16.263897979208657,19.019793365789837,10.098375953554902,0.24880733948225497,33.578116385903286,0.45423560983909966,30.19294920199952,8.193062313753785,24.32152559052838
LORIAZ_CAMTRAP_1500,1597,39.7328416182607,6.92107,46.0327,0.896089758899331,-0.443872891710836,0.75,0.0125,0.0125,0.333333333333333,0.388888888888889,0.0,0.0,12,14,0,0,4.4,7.37357581185442,11.7333333333333,4,3.07109004739337,15,1,1,18.4305716324704,18.9588694339252,4.826855335097996,2.160043924024194,24.170000000000073,12.945778058182794,23.58733333341386,17.681112777505973,20.937070184914944,16.943907730715747,18.2243125671381,5.449128759865291,1.2293421047434094,24.170000000000073,3.6555000000000635,23.1038333333375,15.249146678363275,20.666159845684604
PLANAIG_106,2067,43.9114775957939,6.90522,45.92307,0.800675586108195,0.599098160413048,0.9375,0.05,0.0375,0.335051546391753,0.195876288659794,0.231958762886598,0.056701030927835,65,38,45,11,28.1375,15.8543559082614,28.8589743589744,8,4.51921229586936,107,0,0,0.9558148053908099,0.3211871693563353,1.2249135748597098,0.0,4.289999999999964,0.11576573084601023,3.5175321581867824,0.2359442265328653,1.029999999999859,1.0535106041912559,0.35943533098520675,1.2989391589573338,0.0,5.25570577104736,0.1588780178401521,3.840831674202126,0.25175391186849083,1.0200000000002092
PLANAIG_108,2114,27.9456707494589,6.9056,45.92063,-0.463433981521419,0.886131448923468,0.8375,0.1,0.0875,0.271028037383178,0.224299065420561,0.303738317757009,0.0373831775700935,58,48,65,8,24.1,14.6041436811005,25.3684210526316,7,4.28881813073609,130,0,0,0.15508877955021488,0.12860265691574568,0.11649402307781129,0.0,0.42879562046027786,0.0,0.40266443681180136,0.10621443966101651,0.17171129975349686,0.15547475444637712,0.135830700430688,0.09439713597848785,0.0,0.49000000000023647,0.0,0.34996558714292403,0.10731167634526173,0.19476966058141443
PLANAIG_114,2220,25.6636939962615,6.90574,45.91697,-0.962576125946162,0.271011442117262,0.675,0.175,0.175,0.301020408163265,0.204081632653061,0.153061224489796,0.188775510204082,59,40,30,37,30.2875,23.8530276983813,32.3066666666667,9,4.81282886494613,109,0,0,0.5116905287685313,0.21614581353719586,0.917415084010589,0.0,3.9600000000000364,0.0,1.8415000000000208,0.1430793462894826,0.2628121778648165,0.46918242920718056,0.23881736972202816,0.7798074951732415,0.0,4.639999999999873,0.0,1.4545000000000519,0.17729885200731132,0.42303578014877985
COMBASSE_CAMTRAP_1600,1586,14.3102391912348,6.90556,46.02363,-0.966172347573567,-0.257897256255632,0.975,0.0,0.0,0.212765957446809,0.223404255319149,0.0,0.0,20,21,0,0,13.85,10.5723546830545,14.5789473684211,5,2.87256176853056,27,1,0,17.883615608445474,21.071786113147482,7.57149823039924,0.44515873017098784,27.546277087143835,2.5906025056668227,26.25977084371838,14.50792733466875,22.538143312184786,16.841789591294194,19.921209503323325,7.507626529040095,0.3428343949101418,27.775895371919432,2.5957986064211584,26.154913393421463,11.571671329714434,22.3277163687992
LORIAZ_CAMTRAP_1600_OUESTb,1615,30.3743395375084,6.91398,46.02827,0.875252886553541,-0.483665571009241,0.7,0.0,0.0,0.263157894736842,0.197368421052632,0.0,0.0,20,15,0,0,10.35,13.2005945397369,16.2352941176471,6,2.888,55,1,0,16.680830058967626,17.76158065083075,5.359894311546825,1.7366594827763038,21.705891472835447,5.1113719913598175,21.508654847767435,15.36084178881174,20.881232805109278,16.27302277655605,17.45268998187771,5.5697544516409305,0.6499999999998636,24.91263502422953,4.832670666667514,23.062808500136214,14.02321569920781,19.93704917488543
LORIAZ_CAMTRAP_1700_OUEST,1722,36.2547197874954,6.90739,46.02726,0.913008951351384,-0.407939523400524,0.425,0.1125,0.1125,0.359649122807018,0.245614035087719,0.0,0.0,41,28,0,0,21.2375,19.0537173687871,24.2714285714286,5,3.29346173340091,34,0,0,21.142412714233842,22.691095680778176,8.775362008763361,0.30676300587310834,30.960000000000036,0.32810934780940215,30.143000000000132,18.281548019388083,28.087500000000034,19.327845063006915,20.267532956641503,9.345786797989694,0.30056074741105476,32.409999999999854,0.35701533166503624,31.701398157038078,14.441088024761655,26.796804715824408
AIGROUGE_377,2135,24.0074878883762,6.89372,45.97427,-0.341534423993511,0.939869266029814,0.8875,0.075,0.05,0.0903225806451613,0.0516129032258065,0.12258064516129,0.0193548387096774,14,8,19,3,11.925,6.84877333560774,13.6285714285714,10,5.44167610419026,119,0,0,0.20505582762618815,0.19479619386720515,0.07664391595920222,0.11506976741384278,0.41215189899776306,0.11615052544475475,0.320138443309088,0.14842079358516003,0.2380119074588265,0.20424910538359653,0.18782985137318065,0.09372992327947327,0.0,0.5,0.08685915030150682,0.35272020676029564,0.14441908101980516,0.25778414738783795
AIGROUGE_378,1934,25.0063879562474,6.89815,45.97451,0.842776143648902,-0.538264221081325,0.975,0.025,0.025,0.209606986899563,0.235807860262009,0.213973799126638,0.200873362445415,48,54,49,46,45.9125,16.6027249174208,45.9125,6,5.09185357801728,160,0,0,0.3047471374277734,0.2503619376948336,0.311711488368131,0.0,1.4300000000000637,0.059085365884493514,0.8358081396421772,0.16892297447850524,0.2899999999999636,0.32041237359691876,0.22818548391478544,0.2900987386007522,0.0,1.4300000000000637,0.08868768649599588,0.9170000000000864,0.1647815737100018,0.3361482823262918
AIGROUGE_365,1953,43.7767956607158,6.89887,45.97677,-0.994335787397449,-0.106284250482826,0.9875,0.0125,0.0125,0.154205607476636,0.210280373831776,0.205607476635514,0.271028037383178,33,45,44,58,41.15,16.1684956988755,41.6708860759494,7,5.16069416272256,163,0,0,0.21909295261502848,0.2181791078619426,0.07642016123488066,0.08784705870880316,0.39000000000010004,0.12042147927445512,0.3171051780370249,0.1629374658806455,0.2605775126463641,0.22877503021536086,0.21024461266620165,0.0919337324390306,0.0,0.5435862066226491,0.12364916883951764,0.44102772419037134,0.16880527412399715,0.26986195549676495
AIGROUGE_366,1957,21.9549988322375,6.90126,45.97776,-0.737235745082348,0.675635594216938,0.0875,0.0,0.0,0.75,0.0384615384615385,0.0,0.0,78,4,0,0,17.85,4.62820193644972,18.3076923076923,4,1.65331702843167,5,0,1,0.03722078600276291,0.036048855369699595,0.037048323825898205,0.0,0.09125000002791239,0.0,0.08807898356094483,0.0,0.06790981120678907,0.046910935190032886,0.05863300954820261,0.03782536436785453,0.0,0.16818791985360804,0.0,0.09649088982665714,0.0,0.07252393755464936
AIGROUGE_367,1978,13.4569501392446,6.90312,45.97761,0.915927515352806,0.40134372627417,0.8375,0.025,0.025,0.222222222222222,0.257309941520468,0.274853801169591,0.064327485380117,38,44,47,11,25.8875,14.6952104054607,27.25,8,4.71248992747784,125,0,0,0.28649054127995444,0.1489725036327627,0.3133696685476347,0.0,1.0525925930121502,0.0,0.8981296296507026,0.11220122801051957,0.2979043161406594,0.2548775704162972,0.19848186749038632,0.22188925557305966,0.0,1.0525925930121502,0.0,0.8701119403200778,0.11980209651335372,0.3164201264732469
AIGROUGE_354,1996,21.271475106638,6.90149,45.9788,-0.984973886649214,-0.172703337023759,0.9125,0.075,0.0625,0.355191256830601,0.0437158469945355,0.174863387978142,0.0054644808743169,65,8,32,1,14.8125,7.46314785793281,15.1923076923077,8,4.25041248889453,75,0,0,0.2876499498917383,0.25417788981258127,0.13764444619925564,0.132295082048131,0.6337648809687835,0.15120011988033183,0.512966021895852,0.17930552571743874,0.3422795864936461,0.27132709808758365,0.2341798328832283,0.11605771159497487,0.11811782714016772,0.7999999999999545,0.15286374574430966,0.4805000000000177,0.19050781238416903,0.31861186358395344
AIGROUGE_355,2014,12.2601474860123,6.903,45.97898,-0.992066587776505,0.125713505310613,0.9625,0.0375,0.0375,0.339285714285714,0.25,0.327380952380952,0.0,57,42,55,0,16.925,6.75385497046134,17.5844155844156,4,3.42773864464416,97,0,0,0.1775719980123654,0.1512384163643219,0.15561948028864434,0.0,0.677315202007776,0.0,0.4743943314119294,0.1153124999293027,0.1901785716603399,0.22752041377368187,0.17892731305119014,0.17629627249261207,0.0,1.009999999999991,0.09515273678269978,0.5431597160621091,0.13856527214278458,0.24016030262254162
AIGROUGE_341,2064,20.7225651532696,6.90449,45.98093,-0.927831699707544,0.372999111282869,0.7875,0.175,0.1625,0.41025641025641,0.0897435897435897,0.17948717948718,0.0769230769230769,64,14,28,12,19.675,13.1406943538485,20.9866666666667,7,3.81203007518797,58,0,0,0.4667593941205951,0.13010373460042501,0.8452127497852883,0.0,2.8400000000001455,0.0,2.687999999999852,0.07514983348062287,0.21564736850609734,0.4088624349105703,0.12734917899570064,0.7749978894602048,0.0,3.0,0.0,2.5409999999999626,0.03332361517016125,0.21913118726490666
AIGROUGE_342,2116,25.628335153182,6.90591,45.98181,0.858365250517532,-0.513039079119685,0.7875,0.175,0.15,0.234042553191489,0.196808510638298,0.292553191489362,0.0,44,37,55,0,18.6,8.81253422652479,19.84,6,4.21564885496183,142,0,0,0.060877897403452154,0.0,0.12555293262512027,0.0,0.5262913101014419,0.0,0.17228030602623248,0.0,0.11731834709041777,0.10414406933896317,0.0,0.15752123017181655,0.0,1.088888888922611,0.0,0.39941922268710633,0.0,0.15471805555955598
AIGROUGE_323,2156,11.0090163796832,6.90627,45.98391,0.250689435405773,0.968067563228897,0.775,0.175,0.175,0.28125,0.1,0.24375,0.1,45,16,39,16,10.4375,8.86015651203304,11.4383561643836,7,5.17799352750809,73,0,0,0.12161831114394772,0.10948225762854236,0.10468112919039117,0.0,0.4671256683973297,0.0,0.24927775984531325,0.06078334635162719,0.1507782524073491,0.12117756113463657,0.09797248396148461,0.1482972953292151,0.0,0.8800000000001091,0.0,0.3426155376595031,0.0,0.1492116465270783
AIGROUGE_322,2197,14.3650356359874,6.90225,45.98365,-0.98131628955436,0.192401506894471,0.5875,0.2125,0.2125,0.378640776699029,0.0970873786407767,0.310679611650485,0.0,39,10,32,0,5.1375,5.02838462120134,6.96610169491526,5,3.66459412780656,42,0,0,0.06172062005382486,0.0,0.09307701443366555,0.0,0.31913043429904064,0.0,0.19198457063034777,0.0,0.13348953491549764,0.0744292674563485,0.0,0.13958943987854036,0.0,1.149260869592581,0.0,0.23330618966688235,0.0,0.12674872720936037
AIGROUGE_339,2194,21.3930260472045,6.89725,45.98142,0.996147218585628,-0.0876967439767113,0.7125,0.175,0.1125,0.491803278688525,0.0491803278688525,0.163934426229508,0.0,60,6,20,0,7.55,5.4862313273517,8.88235294117647,5,2.96375945838311,31,0,0,0.19787495451969334,0.17425355995032987,0.052530207313466935,0.12777319585029545,0.3107407407601386,0.1500977506927484,0.2852427106010964,0.15920732495976608,0.22655119633895993,0.18911390575465248,0.19308140098564763,0.13244779545052202,0.0,0.7866219513953183,0.0,0.3707174432532383,0.1312289852247659,0.2520044462283977
AIGROUGE_321,2199,25.0186437350957,6.89876,45.98441,-0.953341277004169,-0.301894699456715,0.7375,0.1375,0.1375,0.403361344537815,0.134453781512605,0.260504201680672,0.0,48,16,31,0,8.9,6.3537091728505,10.9538461538462,4,3.45643153526971,47,0,0,0.008576923063151299,0.0,0.03835716601398405,0.0,0.17153846126302597,0.0,0.00857692306315142,0.0,0.0,0.003126022910350912,0.0,0.022098778667025736,0.0,0.17153846126302597,0.0,0.0,0.0,0.0
AIGROUGE_352,2243,35.3327070084358,6.8936,45.97903,-0.5563595506329,0.830941664871583,0.6,0.2375,0.2375,0.348484848484849,0.136363636363636,0.136363636363636,0.0681818181818182,46,18,18,9,10.8375,16.6272947402681,13.1363636363636,6,4.41113924050633,45,0,1,0.12597925515590305,0.09860071857815456,0.14060777469770216,0.0,0.5027828745101033,0.0,0.40527884960713445,0.0,0.1695022371268351,0.12357024139366786,0.09082294099584942,0.1617229280327042,0.0,0.75,0.0,0.5061437307846061,0.0,0.16234961718032537
AIGROUGE_320,2238,4.26269304521464,6.89764,45.98343,-0.947291547009157,-0.320372790612746,0.7625,0.05,0.05,0.217647058823529,0.129411764705882,0.276470588235294,0.0117647058823529,37,22,47,2,6.4375,4.50553457118597,6.77631578947368,8,5.16809728183119,90,0,0,0.1569466388425326,0.13521694814448892,0.14280596150702515,0.0,0.650000000000091,0.0,0.3022329985025638,0.0609453374761415,0.19428935555617954,0.15871955176252414,0.1077409068873294,0.19504530317502153,0.0,1.1100000000001273,0.0,0.5209999999999808,0.039586186096471465,0.18232386722991123
AIGROUGE_338,2280,35.0956430424485,6.89391,45.98034,0.122561737986884,-0.992460891109385,0.65,0.1875,0.1875,0.316176470588235,0.0808823529411765,0.330882352941176,0.0220588235294118,43,11,45,3,4.65,3.75550229241768,5.39130434782609,7,4.04372540445999,59,0,0,0.08027792456739462,0.05956642712521898,0.09590221941421431,0.0,0.34999999999990905,0.0,0.27315849156418615,0.0,0.1180845323582389,0.08783993247210674,0.07177353613883497,0.11614837995931052,0.0,0.6900000000000546,0.0,0.2693999445488771,0.0,0.14286197319313487
AIGROUGE_364,2219,25.5573859336439,6.89255,45.97701,0.887370501145732,-0.461057039525884,0.5375,0.425,0.4,0.333333333333333,0.0789473684210526,0.263157894736842,0.0350877192982456,38,9,30,4,10.4,8.3569117910592,13.6393442622951,6,3.74956722446624,43,0,0,0.1325045580008009,0.14396930706720923,0.09887027352959002,0.0,0.3155194809528439,0.0,0.26563438122104804,0.03714843748139174,0.19839430414833714,0.13230628056619934,0.12848676861381136,0.12306889806439969,0.0,0.5146517413181755,0.0,0.3521092222277047,0.0,0.19839430414833714
AIGROUGE_363,2227,15.8094406789283,6.89108,45.97629,-0.893189244931078,-0.449680967730957,0.5875,0.2875,0.2875,0.552380952380952,0.0,0.0380952380952381,0.0,58,0,4,0,8.7,8.10906665562174,11.047619047619,3,2.10843373493976,4,0,1,0.0,0.0,0.0,0.0,0.0,0.0,0.0,0.0,0.0,0.0,0.0,0.0,0.0,0.0,0.0,0.0,0.0,0.0
AIGROUGE_351,2299,14.7807680818867,6.89125,45.97849,-0.227184059189366,-0.973851838448869,0.55,0.375,0.375,0.552941176470588,0.0,0.0,0.0352941176470588,47,0,0,3,4.6125,5.32843756043393,7.23529411764706,3,2.09846064478652,3,0,1,0.0,0.0,0.0,0.0,0.0,0.0,0.0,0.0,0.0,0.0,0.0,0.0,0.0,0.0,0.0,0.0,0.0,0.0
PECLEREY_CAMTRAP_1400_RECONYX,1432,30.2526198317207,6.9373,45.98404,-0.219727188601847,-0.975561357675225,0.6375,0.075,0.075,0.0714285714285714,0.785714285714286,0.0,0.0,1,11,0,0,1.5875,4.13596069687273,10.5833333333333,3,1.55555555555556,11,1,1,17.21291054973126,16.725676552990194,3.62945221057306,11.636266036520965,25.375352474009105,11.692770748439898,24.4292116752693,14.723547082473715,19.524446813665293,17.76361201692977,17.524291639265698,3.9008758202655978,3.01816793889202,25.375352474009105,11.988452799995935,24.302045278652166,15.835172461043442,20.365391799967597
PECLEREY_CAMTRAP_1400_NORD,1477,27.3512215497373,6.93758,45.99078,-0.853388367544474,0.521275641230029,0.9375,0.0,0.0,0.0,0.0,0.0,0.0,0,0,0,0,12.6875,20.3871352771822,17.5,2,1.57285491419657,0,1,1,25.503368347013645,25.731016042766896,4.010101805466622,17.626792873070826,31.698656229648805,19.963298878351917,30.706940809141283,22.498772690901774,28.847686424562653,26.09155122492033,25.804581372500138,4.55548525346842,15.680000000000064,34.33999999999992,18.57707577998924,32.717500000000044,22.479993506454207,30.10465604022835
PECLEREY_CAMTRAP_1400_PLANET,1465,33.1107775733118,6.93701,45.98702,0.840884647128258,-0.541214384716431,0.9625,0.0125,0.0125,0.461538461538462,0.0650887573964497,0.0,0.0,78,11,0,0,29.7625,18.8116875534226,29.7625,4,2.60284334275039,11,0,1,16.84248839024665,17.769508712737206,9.492025288601397,0.2563743455491476,29.20468230541246,2.315652345620572,28.383246872575683,10.498378155486478,25.287180851069195,15.493110001502899,15.603073013861945,9.28194499339028,0.16338028206155286,29.20468230541246,1.9543623803350219,28.055000671437075,6.635580357141805,24.57753661756726
PECLEREY_CAMTRAP_1400_SUD,1478,35.8428819447009,6.94211,45.98197,-0.285453371311338,-0.958392598472563,0.525,0.0,0.0,0.269565217391304,0.373913043478261,0.0,0.0,31,43,0,0,12.525,9.4974680170126,16.4262295081967,5,3.5219707057257,53,1,0,17.873643686256845,18.05263830541344,4.344957288245496,4.888461538482261,23.787995689633817,10.66957576703261,22.488399784481544,16.490186832751192,20.397157004758242,19.7400860603383,21.246178474097064,5.766219298397968,1.0276840487852041,27.830707226120694,4.815147994106145,26.25691431262371,17.53231461600768,23.832499455430252
POSETTE_CAMTRAP_2000,2035,21.5790075897749,6.9362,46.01087,-0.925531938102859,-0.378669554561185,0.8375,0.0625,0.05,0.0655737704918033,0.240437158469945,0.295081967213115,0.218579234972678,12,44,54,40,28.475,15.4501853661405,29.2051282051282,9,4.86122804470896,157,0,0,0.5739720009264715,0.21262430569538537,1.1904260632020576,0.0,4.329525483226462,0.0,3.7487273201915974,0.150299214092513,0.25876159644968766,0.4552840110926809,0.24689286315981462,0.7831245256764351,0.0,4.5900000000001455,0.0,1.686858322640886,0.15767090977050202,0.36389699678812804
POSETTE_CAMTRAP_1800,1779,21.8378111010829,6.93418,46.0059,0.261440906943014,0.965219483939697,0.625,0.225,0.225,0.226415094339623,0.188679245283019,0.125786163522013,0.0251572327044025,36,30,20,4,31.575,20.4807875392488,36.6086956521739,9,6.67573277000264,98,0,0,10.083195171644103,10.956148648741532,4.642497125067663,0.6380326497892383,15.529999999999973,0.9914016324894533,15.528050932619966,9.00750000000005,13.595385267300571,8.67315141186259,10.124334938567927,4.878976853194013,0.1582386363452315,17.97634854776311,0.3332580502118049,14.693224124601668,5.549999432374705,12.240000000000066
POSETTE_CAMTRAP_1600,1561,24.1688134358102,6.93953,46.00364,-0.368482104625964,0.929634841521347,0.9,0.0625,0.0625,0.171052631578947,0.0,0.0,0.0,13,0,0,0,18.7,21.1141562686438,25.7931034482759,3,2.43302443133951,0,1,1,13.105348159209598,13.093880603733282,2.9982655895484442,7.872636986297039,19.375637692925466,9.348449769733168,18.749718871085793,11.09304951270201,14.30754772538262,13.189137126268626,13.09361265643929,2.839865346040691,5.340762942780657,19.375637692925466,9.047287367461376,18.72584092236335,11.216237171912383,14.730557636113986
BLAITIERE_CAMTRAP_1170,1217,28.0055562655801,6.8863,45.92491,-0.765597577833333,-0.6433197873653,0.8375,0.0,0.0,0.0869565217391304,0.0,0.0,0.0,6,0,0,0,9.6375,11.8420445442222,14.0181818181818,4,1.72562522653135,0,1,1,18.050941143582055,24.462170618572486,13.258734147539268,0.33971428568861484,34.81820673257721,0.3495672360052822,32.21741565572133,1.444740000050615,27.64331603226151,22.199565419871014,26.50348803826796,11.921885645096438,0.33971428568861484,34.88525606476287,0.4948089408049214,33.01407170481171,19.581665707347895,31.344812854505903
COUVERCLE_2700,2747,21.1913896844746,6.9591,45.90939,-0.545777160950761,0.837930361417061,0.3,0.525,0.425,0.659090909090909,0.0,0.0454545454545455,0.0,29,0,2,0,1.175,2.479153591782,2.41025641025641,4,2.0293501048218,2,0,1,0.0,0.0,0.0,0.0,0.0,0.0,0.0,0.0,0.0,0.0,0.0,0.0,0.0,0.0,0.0,0.0,0.0,0.0
COUVERCLE_2600,2626,28.4755522967956,6.9612,45.90742,0.30532349002341,0.95224868938735,0.6,0.25,0.1875,0.471153846153846,0.0,0.0096153846153846,0.0,49,0,1,0,2.575,2.84081910099129,3.07462686567164,4,2.39929015084295,1,0,1,0.047207444824766756,0.0,0.11880385265931286,0.0,0.4899999999997817,0.0,0.21623829769746428,0.0,0.0,0.030701010982156732,0.0,0.0749887940382914,0.0,0.4899999999997817,0.0,0.15430619675701104,0.0,0.0
COUVERCLE_2400,2455,27.625039179217,6.95957,45.90464,0.370127873692544,0.928980816333597,0.8875,0.075,0.075,0.568,0.016,0.0,0.0,71,2,0,0,7.1375,3.85740697977216,7.51315789473684,4,2.3199703043801,15,0,1,0.5217564985420722,0.15859918780029147,0.6439811400045106,0.0,2.0,0.10486305756296588,1.9334999999998446,0.11780955185270159,1.0340100218597854,0.4168740076934273,0.1471865197029274,0.6979418124627617,0.0,3.0100000000002183,0.0,2.1359554865409107,0.11129732955612326,0.2876272903248491
